Rank,Itemset,Size,Support_Count,Support
1,garlic,1,3104,0.3107729275130156
2,olive oil,1,2141,0.2143572286744093
3,butter,1,1817,0.18191830196235484
4,plain flour,1,1643,0.1644973968762515
5,eggs,1,1589,0.1590909090909091
6,lemon,1,1357,0.13586303564277133
7,onion,1,1152,0.11533840608730477
8,golden caster sugar,1,962,0.09631557869443332
9,caster sugar,1,942,0.09431317581097316
10,vegetable oil,1,882,0.0883059671605927
11,double cream,1,873,0.08740488586303564
12,egg,1,793,0.07939527432919503
13,icing sugar,1,777,0.07779335202242692
14,milk,1,770,0.07709251101321586
15,ginger,1,743,0.07438926712054465
16,vanilla extract,1,724,0.0724869843812575
17,spring onions,1,680,0.06808169803764517
18,unsalted butter,1,673,0.06738085702843412
19,coriander,1,669,0.0669803764517421
20,baking powder,1,657,0.065778934721666
