Recipe_Size,Original_Count,Original_P,Generated_Count,Generated_P
1,24,0.0024028834601521826,263,0.0026331597917501003
2,94,0.009411293552262716,925,0.009261113336003204
3,238,0.02382859431317581,2342,0.023448137765318382
4,454,0.045454545454545456,4444,0.04449339207048458
5,620,0.06207448938726472,6427,0.06434721665999199
6,705,0.07058470164197037,6946,0.06954345214257109
7,824,0.08249899879855827,8346,0.08356027232679215
8,872,0.08730476571886263,8616,0.08626351621946336
9,963,0.09641569883860633,9509,0.09520424509411293
10,1001,0.10022026431718062,10043,0.10055066079295154
11,904,0.09050861033239888,9089,0.09099919903884661
12,780,0.07809371245494594,7685,0.07694233079695635
13,641,0.06417701241489787,6267,0.06274529435322387
14,487,0.048758510212254705,5041,0.050470564677613135
15,366,0.03664397276732079,3637,0.03641369643572287
16,320,0.032038446135362435,3148,0.031517821385662795
17,218,0.021826191429715657,2210,0.02212655186223468
18,153,0.015318382058470165,1618,0.01619943932719263
19,111,0.011113336003203845,1122,0.011233480176211454
20,67,0.00670804965959151,710,0.0071085302362835405
21,49,0.0049058870644773725,474,0.004745694833800561
22,32,0.0032038446135362435,334,0.003344012815378454
23,20,0.002002402883460152,210,0.00210252302763316
24,12,0.0012014417300760913,120,0.0012014417300760913
25,5,0.000500600720865038,56,0.0005606728073688426
26,6,0.0006007208650380457,62,0.0006207448938726471
27,7,0.0007008410092110533,71,0.000710853023628354
28,1,0.00010012014417300761,9,9.010812975570684e-05
29,2,0.00020024028834601522,14,0.00014016820184221065
30,6,0.0006007208650380457,63,0.0006307569082899479
31,3,0.0003003604325190228,43,0.0004305166199439327
32,2,0.00020024028834601522,24,0.00024028834601521826
33,1,0.00010012014417300761,12,0.00012014417300760913
