Set,Attempted_swaps,Successful_swaps,Acceptance_rate,Edges_kept_from_original,Recipes_unchanged,Mean_Jaccard_with_original,Edges_shared_with_set_1
1,998740,901757,0.902894647255542,0.052886637162825156,0,0.024651777799738164,1.0
2,998740,901225,0.9023619760898732,0.05220577928189519,0,0.024324711609981117,0.05157498448044536
3,998740,901738,0.9028756232853395,0.05202555219576667,0,0.024432262142568367,0.05154494663275727
4,998740,901640,0.9027774996495584,0.052466107295191945,0,0.024498513225497752,0.052065602659350785
5,998740,901595,0.9027324428780263,0.051905400805014316,0,0.02390262048246909,0.05201553957987064
6,998740,901506,0.9026433305965517,0.05268638484490458,0,0.02462719641875475,0.05164507279171757
7,998740,901876,0.9030137973847048,0.05292668762640928,0,0.02452273557657225,0.05128461861946052
8,998740,901623,0.9027604782025352,0.05229589282495945,0,0.0242223850918862,0.05144482047379698
9,998740,901675,0.9028125438051946,0.05191541342091035,0,0.024127806806744673,0.05042353365240203
10,998740,901080,0.9022167931593809,0.052065602659350785,0,0.02404412845037474,0.05199551434807858
