Recipe_Size,Original,Random_Set_1,Random_Set_2,Random_Set_3,Random_Set_4,Random_Set_5,Random_Set_6,Random_Set_7,Random_Set_8,Random_Set_9,Random_Set_10
1,24,24,24,24,24,24,24,24,24,24,24
2,94,94,94,94,94,94,94,94,94,94,94
3,238,238,238,238,238,238,238,238,238,238,238
4,454,454,454,454,454,454,454,454,454,454,454
5,620,620,620,620,620,620,620,620,620,620,620
6,705,705,705,705,705,705,705,705,705,705,705
7,824,824,824,824,824,824,824,824,824,824,824
8,872,872,872,872,872,872,872,872,872,872,872
9,963,963,963,963,963,963,963,963,963,963,963
10,1001,1001,1001,1001,1001,1001,1001,1001,1001,1001,1001
11,904,904,904,904,904,904,904,904,904,904,904
12,780,780,780,780,780,780,780,780,780,780,780
13,641,641,641,641,641,641,641,641,641,641,641
14,487,487,487,487,487,487,487,487,487,487,487
15,366,366,366,366,366,366,366,366,366,366,366
16,320,320,320,320,320,320,320,320,320,320,320
17,218,218,218,218,218,218,218,218,218,218,218
18,153,153,153,153,153,153,153,153,153,153,153
19,111,111,111,111,111,111,111,111,111,111,111
20,67,67,67,67,67,67,67,67,67,67,67
21,49,49,49,49,49,49,49,49,49,49,49
22,32,32,32,32,32,32,32,32,32,32,32
23,20,20,20,20,20,20,20,20,20,20,20
24,12,12,12,12,12,12,12,12,12,12,12
25,5,5,5,5,5,5,5,5,5,5,5
26,6,6,6,6,6,6,6,6,6,6,6
27,7,7,7,7,7,7,7,7,7,7,7
28,1,1,1,1,1,1,1,1,1,1,1
29,2,2,2,2,2,2,2,2,2,2,2
30,6,6,6,6,6,6,6,6,6,6,6
31,3,3,3,3,3,3,3,3,3,3,3
32,2,2,2,2,2,2,2,2,2,2,2
33,1,1,1,1,1,1,1,1,1,1,1
